amplitude,duration
4.49,0.00774
4.49,0.1
6.62,0.00464
14.39,0.00278
21.2,0.00167
52.15,0.001
43.74,0.00278
48.5,0.00167
38.23,0.00167
15.16,0.00278
